{
  "author": "Nayan",
  "autoRestart": true,
  "accpetPending": false,
  "developermode": false,
  "language": "en",
  "notification": true,
  "approval": false,
  "BOTNAME": "fahim bot 🥰",
  "PREFIX": "/",
  "OPERATOR": [
    "100046430705172",
    ""
  ],
  "ADMINBOT": [
    "100046430705172",
    "100080973186147"
  ],
  "OWNER": ["100000959749712"], 
  "APPROVED": [],
  "disabledcmds": [],
  "disabledevents": [],
  "note": "make sure that the bot name you entered is all lowercase",
  "notice": "dont cng author name and owner uid. otherwise bot not working"
}
