[
    {
        "key": "dbln",
        "value": "%7B%2261564451353079%22%3A%22tMiBu5TV%22%7D",
        "domain": "facebook.com",
        "path": "/login/device-based/",
        "hostOnly": false,
        "creation": "2024-09-23T16:20:56.029Z",
        "lastAccessed": "2024-09-23T16:20:56.029Z"
    },
    {
        "key": "datr",
        "value": "4ZTxZv-jLI-HhO9s-Xe9-zC0",
        "domain": "facebook.com",
        "path": "/",
        "hostOnly": false,
        "creation": "2024-09-23T16:20:56.029Z",
        "lastAccessed": "2024-09-23T16:20:56.029Z"
    },
    {
        "key": "sb",
        "value": "4ZTxZmom-cqaNX6APYD-UU0o",
        "domain": "facebook.com",
        "path": "/",
        "hostOnly": false,
        "creation": "2024-09-23T16:20:56.029Z",
        "lastAccessed": "2024-09-23T16:20:56.029Z"
    },
    {
        "key": "wd",
        "value": "360x646",
        "domain": "facebook.com",
        "path": "/",
        "hostOnly": false,
        "creation": "2024-09-23T16:20:56.029Z",
        "lastAccessed": "2024-09-23T16:20:56.029Z"
    },
    {
        "key": "c_user",
        "value": "61564451353079",
        "domain": "facebook.com",
        "path": "/",
        "hostOnly": false,
        "creation": "2024-09-23T16:20:56.029Z",
        "lastAccessed": "2024-09-23T16:20:56.029Z"
    },
    {
        "key": "fr",
        "value": "0wk2LrpTPtEzvo5Nq.AWUTheU5z01h25DasK7RAjcZ1Ts.Bm8ZTh..AAA.0.0.Bm8ZUh.AWWnDFUUQko",
        "domain": "facebook.com",
        "path": "/",
        "hostOnly": false,
        "creation": "2024-09-23T16:20:56.029Z",
        "lastAccessed": "2024-09-23T16:20:56.029Z"
    },
    {
        "key": "xs",
        "value": "40%3A6BQFt_guupSmZA%3A2%3A1727108387%3A-1%3A10619",
        "domain": "facebook.com",
        "path": "/",
        "hostOnly": false,
        "creation": "2024-09-23T16:20:56.029Z",
        "lastAccessed": "2024-09-23T16:20:56.029Z"
    },
    {
        "key": "locale",
        "value": "bn_IN",
        "domain": "facebook.com",
        "path": "/",
        "hostOnly": false,
        "creation": "2024-09-23T16:20:56.029Z",
        "lastAccessed": "2024-09-23T16:20:56.029Z"
    },
    {
        "key": "vpd",
        "value": "v1%3B646x360x2",
        "domain": "facebook.com",
        "path": "/",
        "hostOnly": false,
        "creation": "2024-09-23T16:20:56.029Z",
        "lastAccessed": "2024-09-23T16:20:56.030Z"
    },
    {
        "key": "wl_cbv",
        "value": "v2%3Bclient_version%3A2628%3Btimestamp%3A1727108431",
        "domain": "facebook.com",
        "path": "/",
        "hostOnly": false,
        "creation": "2024-09-23T16:20:56.030Z",
        "lastAccessed": "2024-09-23T16:20:56.030Z"
    },
    {
        "key": "fbl_st",
        "value": "100628419%3BT%3A28785140",
        "domain": "facebook.com",
        "path": "/",
        "hostOnly": false,
        "creation": "2024-09-23T16:20:56.030Z",
        "lastAccessed": "2024-09-23T16:20:56.030Z"
    }
]
